name,percentage_male,pokedex_number,sp_attack,sp_defense,speed,type1,type2,weight_kg,attack,base_total,defense,height_m,hp,generation,is_legendary
Bulbasaur,88.1,1,65,65,45,grass,poison,6.9,49,318,49,0.7,45,1,0
Ivysaur,88.1,2,80,80,60,grass,poison,13,62,405,63,1,60,1,0
Venusaur,88.1,3,122,120,80,grass,poison,100,100,625,123,2,80,1,0
Charmander,88.1,4,60,50,65,fire,,8.5,52,309,43,0.6,39,1,0
Charmeleon,88.1,5,80,65,80,fire,,19,64,405,58,1.1,58,1,0
Charizard,88.1,6,159,115,100,fire,flying,90.5,104,634,78,1.7,78,1,0
Squirtle,88.1,7,50,64,43,water,,9,48,314,65,0.5,44,1,0
Wartortle,88.1,8,65,80,58,water,,22.5,63,405,80,1,59,1,0
Blastoise,88.1,9,135,115,78,water,,85.5,103,630,120,1.6,79,1,0
Caterpie,50,10,20,20,45,bug,,2.9,30,195,35,0.3,45,1,0
Metapod,50,11,25,25,30,bug,,9.9,20,205,55,0.7,50,1,0
Butterfree,50,12,90,80,70,bug,flying,32,45,395,50,1.1,60,1,0
Weedle,50,13,20,20,50,bug,poison,3.2,35,195,30,0.3,40,1,0
Kakuna,50,14,25,25,35,bug,poison,10,25,205,50,0.6,45,1,0
Beedrill,50,15,15,80,145,bug,poison,29.5,150,495,40,1,65,1,0
Pidgey,50,16,35,35,56,normal,flying,1.8,45,251,40,0.3,40,1,0
Pidgeotto,50,17,50,50,71,normal,flying,30,60,349,55,1.1,63,1,0
Pidgeot,50,18,135,80,121,normal,flying,39.5,80,579,80,1.5,83,1,0
Rattata,50,19,25,35,72,normal,dark,,56,253,35,,30,1,0
Raticate,50,20,40,80,77,normal,dark,,71,413,70,,75,1,0
Spearow,50,21,31,31,70,normal,flying,2,60,262,30,0.3,40,1,0
Fearow,50,22,61,61,100,normal,flying,38,90,442,65,1.2,65,1,0
Ekans,50,23,40,54,55,poison,,6.9,60,288,44,2,35,1,0
Arbok,50,24,65,79,80,poison,,65,95,448,69,3.5,60,1,0
Pikachu,50,25,50,50,90,electric,,6,55,320,40,0.4,35,1,0
Raichu,50,26,95,85,110,electric,electric,,85,485,50,,60,1,0
Sandshrew,50,27,10,35,40,ground,ice,,75,300,90,,50,1,0
Sandslash,50,28,25,65,65,ground,ice,,100,450,120,,75,1,0
Nidoran,0,29,40,40,41,poison,,7,47,275,52,0.4,55,1,0
Nidorina,0,30,55,55,56,poison,,20,62,365,67,0.8,70,1,0
Nidoqueen,0,31,75,85,76,poison,ground,60,92,505,87,1.3,90,1,0
Nidoran,100,32,40,40,50,poison,,9,57,273,40,0.5,46,1,0
Nidorino,100,33,55,55,65,poison,,19.5,72,365,57,0.9,61,1,0
Nidoking,100,34,85,75,85,poison,ground,62,102,505,77,1.4,81,1,0
Clefairy,24.6,35,60,65,35,fairy,,7.5,45,323,48,0.6,70,1,0
Clefable,24.6,36,95,90,60,fairy,,40,70,483,73,1.3,95,1,0
Vulpix,24.6,37,50,65,65,fire,ice,,41,299,40,,38,1,0
Ninetales,24.6,38,81,100,109,fire,ice,,67,505,75,,73,1,0
Jigglypuff,24.6,39,45,25,20,normal,fairy,5.5,45,270,20,0.5,115,1,0
Wigglytuff,24.6,40,85,50,45,normal,fairy,12,70,435,45,1,140,1,0
Zubat,50,41,30,40,55,poison,flying,7.5,45,245,35,0.8,40,1,0
Golbat,50,42,65,75,90,poison,flying,55,80,455,70,1.6,75,1,0
Oddish,50,43,75,65,30,grass,poison,5.4,50,320,55,0.5,45,1,0
Gloom,50,44,85,75,40,grass,poison,8.6,65,395,70,0.8,60,1,0
Vileplume,50,45,110,90,50,grass,poison,18.6,80,490,85,1.2,75,1,0
Paras,50,46,45,55,25,bug,grass,5.4,70,285,55,0.3,35,1,0
Parasect,50,47,60,80,30,bug,grass,29.5,95,405,80,1,60,1,0
Venonat,50,48,40,55,45,bug,poison,30,55,305,50,1,60,1,0
Venomoth,50,49,90,75,90,bug,poison,12.5,65,450,60,1.5,70,1,0
Diglett,50,50,35,45,90,ground,ground,,55,265,30,,10,1,0
Dugtrio,50,51,50,70,110,ground,ground,,100,425,60,,35,1,0
Meowth,50,52,50,40,90,normal,dark,,35,290,35,,40,1,0
Persian,50,53,75,65,115,normal,dark,,60,440,60,,65,1,0
Psyduck,50,54,65,50,55,water,,19.6,52,320,48,0.8,50,1,0
Golduck,50,55,95,80,85,water,,76.6,82,500,78,1.7,80,1,0
Mankey,50,56,35,45,70,fighting,,28,80,305,35,0.5,40,1,0
Primeape,50,57,60,70,95,fighting,,32,105,455,60,1,65,1,0
Growlithe,75.4,58,70,50,60,fire,,19,70,350,45,0.7,55,1,0
Arcanine,75.4,59,100,80,95,fire,,155,110,555,80,1.9,90,1,0
Poliwag,50,60,40,40,90,water,,12.4,50,300,40,0.6,40,1,0
Poliwhirl,50,61,50,50,90,water,,20,65,385,65,1,65,1,0
Poliwrath,50,62,70,90,70,water,fighting,54,95,510,95,1.3,90,1,0
Abra,75.4,63,105,55,90,psychic,,19.5,20,310,15,0.9,25,1,0
Kadabra,75.4,64,120,70,105,psychic,,56.5,35,400,30,1.3,40,1,0
Alakazam,75.4,65,175,105,150,psychic,,48,50,600,65,1.5,55,1,0
Machop,75.4,66,35,35,35,fighting,,19.5,80,305,50,0.8,70,1,0
Machoke,75.4,67,50,60,45,fighting,,70.5,100,405,70,1.5,80,1,0
Machamp,75.4,68,65,85,55,fighting,,130,130,505,80,1.6,90,1,0
Bellsprout,50,69,70,30,40,grass,poison,4,75,300,35,0.7,50,1,0
Weepinbell,50,70,85,45,55,grass,poison,6.4,90,390,50,1,65,1,0
Victreebel,50,71,100,70,70,grass,poison,15.5,105,490,65,1.7,80,1,0
Tentacool,50,72,50,100,70,water,poison,45.5,40,335,35,0.9,40,1,0
Tentacruel,50,73,80,120,100,water,poison,55,70,515,65,1.6,80,1,0
Geodude,50,74,30,30,20,rock,ground,,80,300,100,,40,1,0
Graveler,50,75,45,45,35,rock,ground,,95,390,115,,55,1,0
Golem,50,76,55,65,45,rock,ground,,120,495,130,,80,1,0
Ponyta,50,77,65,65,90,fire,,30,85,410,55,1,50,1,0
Rapidash,50,78,80,80,105,fire,,95,100,500,70,1.7,65,1,0
Slowpoke,50,79,40,40,15,water,psychic,36,65,315,65,1.2,90,1,0
Slowbro,50,80,130,80,30,water,psychic,78.5,75,590,180,1.6,95,1,0
Magnemite,,81,95,55,45,electric,steel,6,35,325,70,0.3,25,1,0
Magneton,,82,120,70,70,electric,steel,60,60,465,95,1,50,1,0
Farfetch'd,50,83,58,62,60,normal,flying,15,90,377,55,0.8,52,1,0
Doduo,50,84,35,35,75,normal,flying,39.2,85,310,45,1.4,35,1,0
Dodrio,50,85,60,60,110,normal,flying,85.2,110,470,70,1.8,60,1,0
Seel,50,86,45,70,45,water,,90,45,325,55,1.1,65,1,0
Dewgong,50,87,70,95,70,water,ice,120,70,475,80,1.7,90,1,0
Grimer,50,88,40,50,25,poison,poison,,80,325,50,,80,1,0
Muk,50,89,65,100,50,poison,poison,,105,500,75,,105,1,0
Shellder,50,90,45,25,40,water,,4,65,305,100,0.3,30,1,0
Cloyster,50,91,85,45,70,water,ice,132.5,95,525,180,1.5,50,1,0
Gastly,50,92,100,35,80,ghost,poison,0.1,35,310,30,1.3,30,1,0
Haunter,50,93,115,55,95,ghost,poison,0.1,50,405,45,1.6,45,1,0
Gengar,50,94,170,95,130,ghost,poison,40.5,65,600,80,1.5,60,1,0
Onix,50,95,30,45,70,rock,ground,210,45,385,160,8.8,35,1,0
Drowzee,50,96,43,90,42,psychic,,32.4,48,328,45,1,60,1,0
Hypno,50,97,73,115,67,psychic,,75.6,73,483,70,1.6,85,1,0
Krabby,50,98,25,25,50,water,,6.5,105,325,90,0.4,30,1,0
Kingler,50,99,50,50,75,water,,60,130,475,115,1.3,55,1,0
Voltorb,,100,55,55,100,electric,,10.4,30,330,50,0.5,40,1,0
Electrode,,101,80,80,150,electric,,66.6,50,490,70,1.2,60,1,0
Exeggcute,50,102,60,45,40,grass,psychic,2.5,40,325,80,0.4,60,1,0
Exeggutor,50,103,125,75,45,grass,psychic,,105,530,85,,95,1,0
Cubone,50,104,40,50,35,ground,,6.5,50,320,95,0.4,50,1,0
Marowak,50,105,50,80,45,ground,fire,,80,425,110,,60,1,0
Hitmonlee,100,106,35,110,87,fighting,,49.8,120,455,53,1.5,50,1,0
Hitmonchan,100,107,35,110,76,fighting,,50.2,105,455,79,1.4,50,1,0
Lickitung,50,108,60,75,30,normal,,65.5,55,385,75,1.2,90,1,0
Koffing,50,109,60,45,35,poison,,1,65,340,95,0.6,40,1,0
Weezing,50,110,85,70,60,poison,,9.5,90,490,120,1.2,65,1,0
Rhyhorn,50,111,30,30,25,ground,rock,115,85,345,95,1,80,1,0
Rhydon,50,112,45,45,40,ground,rock,120,130,485,120,1.9,105,1,0
Chansey,0,113,35,105,50,normal,,34.6,5,450,5,1.1,250,1,0
Tangela,50,114,100,40,60,grass,,35,55,435,115,1,65,1,0
Kangaskhan,0,115,60,100,100,normal,,80,125,590,100,2.2,105,1,0
Horsea,50,116,70,25,60,water,,8,40,295,70,0.4,30,1,0
Seadra,50,117,95,45,85,water,,25,65,440,95,1.2,55,1,0
Goldeen,50,118,35,50,63,water,,15,67,320,60,0.6,45,1,0
Seaking,50,119,65,80,68,water,,39,92,450,65,1.3,80,1,0
Staryu,,120,70,55,85,water,,34.5,45,340,55,0.8,30,1,0
Starmie,,121,100,85,115,water,psychic,80,75,520,85,1.1,60,1,0
Mr. Mime,50,122,100,120,90,psychic,fairy,54.5,45,460,65,1.3,40,1,0
Scyther,50,123,55,80,105,bug,flying,56,110,500,80,1.5,70,1,0
Jynx,0,124,115,95,95,ice,psychic,40.6,50,455,35,1.4,65,1,0
Electabuzz,75.4,125,95,85,105,electric,,30,83,490,57,1.1,65,1,0
Magmar,75.4,126,100,85,93,fire,,44.5,95,495,57,1.3,65,1,0
Pinsir,50,127,65,90,105,bug,,55,155,600,120,1.5,65,1,0
Tauros,100,128,40,70,110,normal,,88.4,100,490,95,1.4,75,1,0
Magikarp,50,129,15,20,80,water,,10,10,200,55,0.9,20,1,0
Gyarados,50,130,70,130,81,water,flying,235,155,640,109,6.5,95,1,0
Lapras,50,131,85,95,60,water,ice,220,85,535,80,2.5,130,1,0
Ditto,,132,48,48,48,normal,,4,48,288,48,0.3,48,1,0
Eevee,88.1,133,45,65,55,normal,,6.5,55,325,50,0.3,55,1,0
Vaporeon,88.1,134,110,95,65,water,,29,65,525,60,1,130,1,0
Jolteon,88.1,135,110,95,130,electric,,24.5,65,525,60,0.8,65,1,0
Flareon,88.1,136,95,110,65,fire,,25,130,525,60,0.9,65,1,0
Porygon,,137,85,75,40,normal,,36.5,60,395,70,0.8,65,1,0
Omanyte,88.1,138,90,55,35,rock,water,7.5,40,355,100,0.4,35,1,0
Omastar,88.1,139,115,70,55,rock,water,35,60,495,125,1,70,1,0
Kabuto,88.1,140,55,45,55,rock,water,11.5,80,355,90,0.5,30,1,0
Kabutops,88.1,141,65,70,80,rock,water,40.5,115,495,105,1.3,60,1,0
Aerodactyl,88.1,142,70,95,150,rock,flying,59,135,615,85,1.8,80,1,0
Snorlax,88.1,143,65,110,30,normal,,460,110,540,65,2.1,160,1,0
Articuno,,144,95,125,85,ice,flying,55.4,85,580,100,1.7,90,1,1
Zapdos,,145,125,90,100,electric,flying,52.6,90,580,85,1.6,90,1,1
Moltres,,146,125,85,90,fire,flying,60,100,580,90,2,90,1,1
Dratini,50,147,50,50,50,dragon,,3.3,64,300,45,1.8,41,1,0
Dragonair,50,148,70,70,70,dragon,,16.5,84,420,65,4,61,1,0
Dragonite,50,149,100,100,80,dragon,flying,210,134,600,95,2.2,91,1,0
Mewtwo,,150,194,120,140,psychic,,122,150,780,70,2,106,1,1
Mew,,151,100,100,100,psychic,,4,100,600,100,0.4,100,1,1
Chikorita,88.1,152,49,65,45,grass,,6.4,49,318,65,0.9,45,2,0
Bayleef,88.1,153,63,80,60,grass,,15.8,62,405,80,1.2,60,2,0
Meganium,88.1,154,83,100,80,grass,,100.5,82,525,100,1.8,80,2,0
Cyndaquil,88.1,155,60,50,65,fire,,7.9,52,309,43,0.5,39,2,0
Quilava,88.1,156,80,65,80,fire,,19,64,405,58,0.9,58,2,0
Typhlosion,88.1,157,109,85,100,fire,,79.5,84,534,78,1.7,78,2,0
Totodile,88.1,158,44,48,43,water,,9.5,65,314,64,0.6,50,2,0
Croconaw,88.1,159,59,63,58,water,,25,80,405,80,1.1,65,2,0
Feraligatr,88.1,160,79,83,78,water,,88.8,105,530,100,2.3,85,2,0
Sentret,50,161,35,45,20,normal,,6,46,215,34,0.8,35,2,0
Furret,50,162,45,55,90,normal,,32.5,76,415,64,1.8,85,2,0
Hoothoot,50,163,36,56,50,normal,flying,21.2,30,262,30,0.7,60,2,0
Noctowl,50,164,86,96,70,normal,flying,40.8,50,452,50,1.6,100,2,0
Ledyba,50,165,40,80,55,bug,flying,10.8,20,265,30,1,40,2,0
Ledian,50,166,55,110,85,bug,flying,35.6,35,390,50,1.4,55,2,0
Spinarak,50,167,40,40,30,bug,poison,8.5,60,250,40,0.5,40,2,0
Ariados,50,168,60,70,40,bug,poison,33.5,90,400,70,1.1,70,2,0
Crobat,50,169,70,80,130,poison,flying,75,90,535,80,1.8,85,2,0
Chinchou,50,170,56,56,67,water,electric,12,38,330,38,0.5,75,2,0
Lanturn,50,171,76,76,67,water,electric,22.5,58,460,58,1.2,125,2,0
Pichu,50,172,35,35,60,electric,,2,40,205,15,0.3,20,2,0
Cleffa,24.6,173,45,55,15,fairy,,3,25,218,28,0.3,50,2,0
Igglybuff,24.6,174,40,20,15,normal,fairy,1,30,210,15,0.3,90,2,0
Togepi,88.1,175,40,65,20,fairy,,1.5,20,245,65,0.3,35,2,0
Togetic,88.1,176,80,105,40,fairy,flying,3.2,40,405,85,0.6,55,2,0
Natu,50,177,70,45,70,psychic,flying,2,50,320,45,0.2,40,2,0
Xatu,50,178,95,70,95,psychic,flying,15,75,470,70,1.5,65,2,0
Mareep,50,179,65,45,35,electric,,7.8,40,280,40,0.6,55,2,0
Flaaffy,50,180,80,60,45,electric,,13.3,55,365,55,0.8,70,2,0
Ampharos,50,181,165,110,45,electric,,61.5,95,610,105,1.4,90,2,0
Bellossom,50,182,90,100,50,grass,,5.8,80,490,95,0.4,75,2,0
Marill,50,183,20,50,40,water,fairy,8.5,20,250,50,0.4,70,2,0
Azumarill,50,184,60,80,50,water,fairy,28.5,50,420,80,0.8,100,2,0
Sudowoodo,50,185,30,65,30,rock,,38,100,410,115,1.2,70,2,0
Politoed,50,186,90,100,70,water,,33.9,75,500,75,1.1,90,2,0
Hoppip,50,187,35,55,50,grass,flying,0.5,35,250,40,0.4,35,2,0
Skiploom,50,188,45,65,80,grass,flying,1,45,340,50,0.6,55,2,0
Jumpluff,50,189,55,95,110,grass,flying,3,55,460,70,0.8,75,2,0
Aipom,50,190,40,55,85,normal,,11.5,70,360,55,0.8,55,2,0
Sunkern,50,191,30,30,30,grass,,1.8,30,180,30,0.3,30,2,0
Sunflora,50,192,105,85,30,grass,,8.5,75,425,55,0.8,75,2,0
Yanma,50,193,75,45,95,bug,flying,38,65,390,45,1.2,65,2,0
Wooper,50,194,25,25,15,water,ground,8.5,45,210,45,0.4,55,2,0
Quagsire,50,195,65,65,35,water,ground,75,85,430,85,1.4,95,2,0
Espeon,88.1,196,130,95,110,psychic,,26.5,65,525,60,0.9,65,2,0
Umbreon,88.1,197,60,130,65,dark,,27,65,525,110,1,95,2,0
Murkrow,50,198,85,42,91,dark,flying,2.1,85,405,42,0.5,60,2,0
Slowking,50,199,100,110,30,water,psychic,79.5,75,490,80,2,95,2,0
Misdreavus,50,200,85,85,85,ghost,,1,60,435,60,0.7,60,2,0
Unown,,201,72,48,48,psychic,,5,72,336,48,0.5,48,2,0
Wobbuffet,50,202,33,58,33,psychic,,28.5,33,405,58,1.3,190,2,0
Girafarig,50,203,90,65,85,normal,psychic,41.5,80,455,65,1.5,70,2,0
Pineco,50,204,35,35,15,bug,,7.2,65,290,90,0.6,50,2,0
Forretress,50,205,60,60,40,bug,steel,125.8,90,465,140,1.2,75,2,0
Dunsparce,50,206,65,65,45,normal,,14,70,415,70,1.5,100,2,0
Gligar,50,207,35,65,85,ground,flying,64.8,75,430,105,1.1,65,2,0
Steelix,50,208,55,95,30,steel,ground,400,125,610,230,9.2,75,2,0
Snubbull,24.6,209,40,40,30,fairy,,7.8,80,300,50,0.6,60,2,0
Granbull,24.6,210,60,60,45,fairy,,48.7,120,450,75,1.4,90,2,0
Qwilfish,50,211,55,55,85,water,poison,3.9,95,440,85,0.5,65,2,0
Scizor,50,212,65,100,75,bug,steel,118,150,600,140,1.8,70,2,0
Shuckle,50,213,10,230,5,bug,rock,20.5,10,505,230,0.6,20,2,0
Heracross,50,214,40,105,75,bug,fighting,54,185,600,115,1.5,80,2,0
Sneasel,50,215,35,75,115,dark,ice,28,95,430,55,0.9,55,2,0
Teddiursa,50,216,50,50,40,normal,,8.8,80,330,50,0.6,60,2,0
Ursaring,50,217,75,75,55,normal,,125.8,130,500,75,1.8,90,2,0
Slugma,50,218,70,40,20,fire,,35,40,250,40,0.7,40,2,0
Magcargo,50,219,90,80,30,fire,rock,55,50,430,120,0.8,60,2,0
Swinub,50,220,30,30,50,ice,ground,6.5,50,250,40,0.4,50,2,0
Piloswine,50,221,60,60,50,ice,ground,55.8,100,450,80,1.1,100,2,0
Corsola,24.6,222,65,95,35,water,rock,5,55,410,95,0.6,65,2,0
Remoraid,50,223,65,35,65,water,,12,65,300,35,0.6,35,2,0
Octillery,50,224,105,75,45,water,,28.5,105,480,75,0.9,75,2,0
Delibird,50,225,65,45,75,ice,flying,16,55,330,45,0.9,45,2,0
Mantine,50,226,80,140,70,water,flying,220,40,485,70,2.1,85,2,0
Skarmory,50,227,40,70,70,steel,flying,50.5,80,465,140,1.7,65,2,0
Houndour,50,228,80,50,65,dark,fire,10.8,60,330,30,0.6,45,2,0
Houndoom,50,229,140,90,115,dark,fire,35,90,600,90,1.4,75,2,0
Kingdra,50,230,95,95,85,water,dragon,152,95,540,95,1.8,75,2,0
Phanpy,50,231,40,40,40,ground,,33.5,60,330,60,0.5,90,2,0
Donphan,50,232,60,60,50,ground,,120,120,500,120,1.1,90,2,0
Porygon2,,233,105,95,60,normal,,32.5,80,515,90,0.6,85,2,0
Stantler,50,234,85,65,85,normal,,71.2,95,465,62,1.4,73,2,0
Smeargle,50,235,20,45,75,normal,,58,20,250,35,1.2,55,2,0
Tyrogue,100,236,35,35,35,fighting,,21,35,210,35,0.7,35,2,0
Hitmontop,100,237,35,110,70,fighting,,48,95,455,95,1.4,50,2,0
Smoochum,0,238,85,65,65,ice,psychic,6,30,305,15,0.4,45,2,0
Elekid,75.4,239,65,55,95,electric,,23.5,63,360,37,0.6,45,2,0
Magby,75.4,240,70,55,83,fire,,21.4,75,365,37,0.7,45,2,0
Miltank,0,241,40,70,100,normal,,75.5,80,490,105,1.2,95,2,0
Blissey,0,242,75,135,55,normal,,46.8,10,540,10,1.5,255,2,0
Raikou,,243,115,100,115,electric,,178,85,580,75,1.9,90,2,1
Entei,,244,90,75,100,fire,,198,115,580,85,2.1,115,2,1
Suicune,,245,90,115,85,water,,187,75,580,115,2,100,2,1
Larvitar,50,246,45,50,41,rock,ground,72,64,300,50,0.6,50,2,0
Pupitar,50,247,65,70,51,rock,ground,152,84,410,70,1.2,70,2,0
Tyranitar,50,248,95,120,71,rock,dark,202,164,700,150,2,100,2,0
Lugia,,249,90,154,110,psychic,flying,216,90,680,130,5.2,106,2,1
Ho-Oh,,250,110,154,90,fire,flying,199,130,680,90,3.8,106,2,1
Celebi,,251,100,100,100,psychic,grass,5,100,600,100,0.6,100,2,1
Treecko,88.1,252,65,55,70,grass,,5,45,310,35,0.5,40,3,0
Grovyle,88.1,253,85,65,95,grass,,21.6,65,405,45,0.9,50,3,0
Sceptile,88.1,254,145,85,145,grass,,52.2,110,630,75,1.7,70,3,0
Torchic,88.1,255,70,50,45,fire,,2.5,60,310,40,0.4,45,3,0
Combusken,88.1,256,85,60,55,fire,fighting,19.5,85,405,60,0.9,60,3,0
Blaziken,88.1,257,130,80,100,fire,fighting,52,160,630,80,1.9,80,3,0
Mudkip,88.1,258,50,50,40,water,,7.6,70,310,50,0.4,50,3,0
Marshtomp,88.1,259,60,70,50,water,ground,28,85,405,70,0.7,70,3,0
Swampert,88.1,260,95,110,70,water,ground,81.9,150,635,110,1.5,100,3,0
Poochyena,50,261,30,30,35,dark,,13.6,55,220,35,0.5,35,3,0
Mightyena,50,262,60,60,70,dark,,37,90,420,70,1,70,3,0
Zigzagoon,50,263,30,41,60,normal,,17.5,30,240,41,0.4,38,3,0
Linoone,50,264,50,61,100,normal,,32.5,70,420,61,0.5,78,3,0
Wurmple,50,265,20,30,20,bug,,3.6,45,195,35,0.3,45,3,0
Silcoon,50,266,25,25,15,bug,,10,35,205,55,0.6,50,3,0
Beautifly,50,267,100,50,65,bug,flying,28.4,70,395,50,1,60,3,0
Cascoon,50,268,25,25,15,bug,,11.5,35,205,55,0.7,50,3,0
Dustox,50,269,50,90,65,bug,poison,31.6,50,385,70,1.2,60,3,0
Lotad,50,270,40,50,30,water,grass,2.6,30,220,30,0.5,40,3,0
Lombre,50,271,60,70,50,water,grass,32.5,50,340,50,1.2,60,3,0
Ludicolo,50,272,90,100,70,water,grass,55,70,480,70,1.5,80,3,0
Seedot,50,273,30,30,30,grass,,4,40,220,50,0.5,40,3,0
Nuzleaf,50,274,60,40,60,grass,dark,28,70,340,40,1,70,3,0
Shiftry,50,275,90,60,80,grass,dark,59.6,100,480,60,1.3,90,3,0
Taillow,50,276,30,30,85,normal,flying,2.3,55,270,30,0.3,40,3,0
Swellow,50,277,75,50,125,normal,flying,19.8,85,455,60,0.7,60,3,0
Wingull,50,278,55,30,85,water,flying,9.5,30,270,30,0.6,40,3,0
Pelipper,50,279,95,70,65,water,flying,28,50,440,100,1.2,60,3,0
Ralts,50,280,45,35,40,psychic,fairy,6.6,25,198,25,0.4,28,3,0
Kirlia,50,281,65,55,50,psychic,fairy,20.2,35,278,35,0.8,38,3,0
Gardevoir,50,282,165,135,100,psychic,fairy,48.4,85,618,65,1.6,68,3,0
Surskit,50,283,50,52,65,bug,water,1.7,30,269,32,0.5,40,3,0
Masquerain,50,284,100,82,80,bug,flying,3.6,60,454,62,0.8,70,3,0
Shroomish,50,285,40,60,35,grass,,4.5,40,295,60,0.4,60,3,0
Breloom,50,286,60,60,70,grass,fighting,39.2,130,460,80,1.2,60,3,0
Slakoth,50,287,35,35,30,normal,,24,60,280,60,0.8,60,3,0
Vigoroth,50,288,55,55,90,normal,,46.5,80,440,80,1.4,80,3,0
Slaking,50,289,95,65,100,normal,,130.5,160,670,100,2,150,3,0
Nincada,50,290,30,30,40,bug,ground,5.5,45,266,90,0.5,31,3,0
Ninjask,50,291,50,50,160,bug,flying,12,90,456,45,0.8,61,3,0
Shedinja,,292,30,30,40,bug,ghost,1.2,90,236,45,0.8,1,3,0
Whismur,50,293,51,23,28,normal,,16.3,51,240,23,0.6,64,3,0
Loudred,50,294,71,43,48,normal,,40.5,71,360,43,1,84,3,0
Exploud,50,295,91,73,68,normal,,84,91,490,63,1.5,104,3,0
Makuhita,75.4,296,20,30,25,fighting,,86.4,60,237,30,1,72,3,0
Hariyama,75.4,297,40,60,50,fighting,,253.8,120,474,60,2.3,144,3,0
Azurill,24.6,298,20,40,20,normal,fairy,2,20,190,40,0.2,50,3,0
Nosepass,50,299,45,90,30,rock,,97,45,375,135,1,30,3,0
Skitty,24.6,300,35,35,50,normal,,11,45,260,45,0.6,50,3,0
Delcatty,24.6,301,55,55,90,normal,,32.6,65,400,65,1.1,70,3,0
Sableye,50,302,85,115,20,dark,ghost,11,85,480,125,0.5,50,3,0
Mawile,50,303,55,95,50,steel,fairy,11.5,105,480,125,0.6,50,3,0
Aron,50,304,40,40,30,steel,rock,60,70,330,100,0.4,50,3,0
Lairon,50,305,50,50,40,steel,rock,120,90,430,140,0.9,60,3,0
Aggron,50,306,60,80,50,steel,rock,360,140,630,230,2.1,70,3,0
Meditite,50,307,40,55,60,fighting,psychic,11.2,40,280,55,0.6,30,3,0
Medicham,50,308,80,85,100,fighting,psychic,31.5,100,510,85,1.3,60,3,0
Electrike,50,309,65,40,65,electric,,15.2,45,295,40,0.6,40,3,0
Manectric,50,310,135,80,135,electric,,40.2,75,575,80,1.5,70,3,0
Plusle,50,311,85,75,95,electric,,4.2,50,405,40,0.4,60,3,0
Minun,50,312,75,85,95,electric,,4.2,40,405,50,0.4,60,3,0
Volbeat,100,313,47,85,85,bug,,17.7,73,430,75,0.7,65,3,0
Illumise,0,314,73,85,85,bug,,17.7,47,430,75,0.6,65,3,0
Roselia,50,315,100,80,65,grass,poison,2,60,400,45,0.3,50,3,0
Gulpin,50,316,43,53,40,poison,,10.3,43,302,53,0.4,70,3,0
Swalot,50,317,73,83,55,poison,,80,73,467,83,1.7,100,3,0
Carvanha,50,318,65,20,65,water,dark,20.8,90,305,20,0.8,45,3,0
Sharpedo,50,319,110,65,105,water,dark,88.8,140,560,70,1.8,70,3,0
Wailmer,50,320,70,35,60,water,,130,70,400,35,2,130,3,0
Wailord,50,321,90,45,60,water,,398,90,500,45,14.5,170,3,0
Numel,50,322,65,45,35,fire,ground,24,60,305,40,0.7,60,3,0
Camerupt,50,323,145,105,20,fire,ground,220,120,560,100,1.9,70,3,0
Torkoal,50,324,85,70,20,fire,,80.4,85,470,140,0.5,70,3,0
Spoink,50,325,70,80,60,psychic,,30.6,25,330,35,0.7,60,3,0
Grumpig,50,326,90,110,80,psychic,,71.5,45,470,65,0.9,80,3,0
Spinda,50,327,60,60,60,normal,,5,60,360,60,1.1,60,3,0
Trapinch,50,328,45,45,10,ground,,15,100,290,45,0.7,45,3,0
Vibrava,50,329,50,50,70,ground,dragon,15.3,70,340,50,1.1,50,3,0
Flygon,50,330,80,80,100,ground,dragon,82,100,520,80,2,80,3,0
Cacnea,50,331,85,40,35,grass,,51.3,85,335,40,0.4,50,3,0
Cacturne,50,332,115,60,55,grass,dark,77.4,115,475,60,1.3,70,3,0
Swablu,50,333,40,75,50,normal,flying,1.2,40,310,60,0.4,45,3,0
Altaria,50,334,110,105,80,dragon,flying,20.6,110,590,110,1.1,75,3,0
Zangoose,50,335,60,60,90,normal,,40.3,115,458,60,1.3,73,3,0
Seviper,50,336,100,60,65,poison,,52.5,100,458,60,2.7,73,3,0
Lunatone,,337,95,85,70,rock,psychic,168,55,460,65,1,90,3,0
Solrock,,338,55,65,70,rock,psychic,154,95,460,85,1.2,90,3,0
Barboach,50,339,46,41,60,water,ground,1.9,48,288,43,0.4,50,3,0
Whiscash,50,340,76,71,60,water,ground,23.6,78,468,73,0.9,110,3,0
Corphish,50,341,50,35,35,water,,11.5,80,308,65,0.6,43,3,0
Crawdaunt,50,342,90,55,55,water,dark,32.8,120,468,85,1.1,63,3,0
Baltoy,,343,40,70,55,ground,psychic,21.5,40,300,55,0.5,40,3,0
Claydol,,344,70,120,75,ground,psychic,108,70,500,105,1.5,60,3,0
Lileep,88.1,345,61,87,23,rock,grass,23.8,41,355,77,1,66,3,0
Cradily,88.1,346,81,107,43,rock,grass,60.4,81,495,97,1.5,86,3,0
Anorith,88.1,347,40,50,75,rock,bug,12.5,95,355,50,0.7,45,3,0
Armaldo,88.1,348,70,80,45,rock,bug,68.2,125,495,100,1.5,75,3,0
Feebas,50,349,10,55,80,water,,7.4,15,200,20,0.6,20,3,0
Milotic,50,350,100,125,81,water,,162,60,540,79,6.2,95,3,0
Castform,50,351,70,70,70,normal,,0.8,70,420,70,0.3,70,3,0
Kecleon,50,352,60,120,40,normal,,22,90,440,70,1,60,3,0
Shuppet,50,353,63,33,45,ghost,,2.3,75,295,35,0.6,44,3,0
Banette,50,354,93,83,75,ghost,,12.5,165,555,75,1.1,64,3,0
Duskull,50,355,30,90,25,ghost,,15,40,295,90,0.8,20,3,0
Dusclops,50,356,60,130,25,ghost,,30.6,70,455,130,1.6,40,3,0
Tropius,50,357,72,87,51,grass,flying,100,68,460,83,2,99,3,0
Chimecho,50,358,95,90,65,psychic,,1,50,455,80,0.6,75,3,0
Absol,50,359,115,60,115,dark,,47,150,565,60,1.2,65,3,0
Wynaut,50,360,23,48,23,psychic,,14,23,260,48,0.6,95,3,0
Snorunt,50,361,50,50,50,ice,,16.8,50,300,50,0.7,50,3,0
Glalie,50,362,120,80,100,ice,,256.5,120,580,80,1.5,80,3,0
Spheal,50,363,55,50,25,ice,water,39.5,40,290,50,0.8,70,3,0
Sealeo,50,364,75,70,45,ice,water,87.6,60,410,70,1.1,90,3,0
Walrein,50,365,95,90,65,ice,water,150.6,80,530,90,1.4,110,3,0
Clamperl,50,366,74,55,32,water,,52.5,64,345,85,0.4,35,3,0
Huntail,50,367,94,75,52,water,,27,104,485,105,1.7,55,3,0
Gorebyss,50,368,114,75,52,water,,22.6,84,485,105,1.8,55,3,0
Relicanth,88.1,369,45,65,55,water,rock,23.4,90,485,130,1,100,3,0
Luvdisc,24.6,370,40,65,97,water,,8.7,30,330,55,0.6,43,3,0
Bagon,50,371,40,30,50,dragon,,42.1,75,300,60,0.6,45,3,0
Shelgon,50,372,60,50,50,dragon,,110.5,95,420,100,1.1,65,3,0
Salamence,50,373,120,90,120,dragon,flying,102.6,145,700,130,1.5,95,3,0
Beldum,,374,35,60,30,steel,psychic,95.2,55,300,80,0.6,40,3,0
Metang,,375,55,80,50,steel,psychic,202.5,75,420,100,1.2,60,3,0
Metagross,,376,105,110,110,steel,psychic,550,145,700,150,1.6,80,3,0
Regirock,,377,50,100,50,rock,,230,100,580,200,1.7,80,3,1
Regice,,378,100,200,50,ice,,175,50,580,100,1.8,80,3,1
Registeel,,379,75,150,50,steel,,205,75,580,150,1.9,80,3,1
Latias,0,380,140,150,110,dragon,psychic,40,100,700,120,1.4,80,3,1
Latios,100,381,160,120,110,dragon,psychic,60,130,700,100,2,80,3,1
Kyogre,,382,180,160,90,water,,352,150,770,90,4.5,100,3,1
Groudon,,383,150,90,90,ground,,950,180,770,160,3.5,100,3,1
Rayquaza,,384,180,100,115,dragon,flying,206.5,180,780,100,7,105,3,1
Jirachi,,385,100,100,100,steel,psychic,1.1,100,600,100,0.3,100,3,1
Deoxys,,386,95,90,180,psychic,,60.8,95,600,90,1.7,50,3,1
Turtwig,88.1,387,45,55,31,grass,,10.2,68,318,64,0.4,55,4,0
Grotle,88.1,388,55,65,36,grass,,97,89,405,85,1.1,75,4,0
Torterra,88.1,389,75,85,56,grass,ground,310,109,525,105,2.2,95,4,0
Chimchar,88.1,390,58,44,61,fire,,6.2,58,309,44,0.5,44,4,0
Monferno,88.1,391,78,52,81,fire,fighting,22,78,405,52,0.9,64,4,0
Infernape,88.1,392,104,71,108,fire,fighting,55,104,534,71,1.2,76,4,0
Piplup,88.1,393,61,56,40,water,,5.2,51,314,53,0.4,53,4,0
Prinplup,88.1,394,81,76,50,water,,23,66,405,68,0.8,64,4,0
Empoleon,88.1,395,111,101,60,water,steel,84.5,86,530,88,1.7,84,4,0
Starly,50,396,30,30,60,normal,flying,2,55,245,30,0.3,40,4,0
Staravia,50,397,40,40,80,normal,flying,15.5,75,340,50,0.6,55,4,0
Staraptor,50,398,50,60,100,normal,flying,24.9,120,485,70,1.2,85,4,0
Bidoof,50,399,35,40,31,normal,,20,45,250,40,0.5,59,4,0
Bibarel,50,400,55,60,71,normal,water,31.5,85,410,60,1,79,4,0
Kricketot,50,401,25,41,25,bug,,2.2,25,194,41,0.3,37,4,0
Kricketune,50,402,55,51,65,bug,,25.5,85,384,51,1,77,4,0
Shinx,50,403,40,34,45,electric,,9.5,65,263,34,0.5,45,4,0
Luxio,50,404,60,49,60,electric,,30.5,85,363,49,0.9,60,4,0
Luxray,50,405,95,79,70,electric,,42,120,523,79,1.4,80,4,0
Budew,50,406,50,70,55,grass,poison,1.2,30,280,35,0.2,40,4,0
Roserade,50,407,125,105,90,grass,poison,14.5,70,515,65,0.9,60,4,0
Cranidos,88.1,408,30,30,58,rock,,31.5,125,350,40,0.9,67,4,0
Rampardos,88.1,409,65,50,58,rock,,102.5,165,495,60,1.6,97,4,0
Shieldon,88.1,410,42,88,30,rock,steel,57,42,350,118,0.5,30,4,0
Bastiodon,88.1,411,47,138,30,rock,steel,149.5,52,495,168,1.3,60,4,0
Burmy,50,412,29,45,36,bug,,3.4,29,224,45,0.2,40,4,0
Wormadam,0,413,69,95,36,bug,grass,6.5,69,424,95,0.5,60,4,0
Mothim,100,414,94,50,66,bug,flying,23.3,94,424,50,0.9,70,4,0
Combee,88.1,415,30,42,70,bug,flying,5.5,30,244,42,0.3,30,4,0
Vespiquen,0,416,80,102,40,bug,flying,38.5,80,474,102,1.2,70,4,0
Pachirisu,50,417,45,90,95,electric,,3.9,45,405,70,0.4,60,4,0
Buizel,50,418,60,30,85,water,,29.5,65,330,35,0.7,55,4,0
Floatzel,50,419,85,50,115,water,,33.5,105,495,55,1.1,85,4,0
Cherubi,50,420,62,53,35,grass,,3.3,35,275,45,0.4,45,4,0
Cherrim,50,421,87,78,85,grass,,9.3,60,450,70,0.5,70,4,0
Shellos,50,422,57,62,34,water,,6.3,48,325,48,0.3,76,4,0
Gastrodon,50,423,92,82,39,water,ground,29.9,83,475,68,0.9,111,4,0
Ambipom,50,424,60,66,115,normal,,20.3,100,482,66,1.2,75,4,0
Drifloon,50,425,60,44,70,ghost,flying,1.2,50,348,34,0.4,90,4,0
Drifblim,50,426,90,54,80,ghost,flying,15,80,498,44,1.2,150,4,0
Buneary,50,427,44,56,85,normal,,5.5,66,350,44,0.4,55,4,0
Lopunny,50,428,54,96,135,normal,,33.3,136,580,94,1.2,65,4,0
Mismagius,50,429,105,105,105,ghost,,4.4,60,495,60,0.9,60,4,0
Honchkrow,50,430,105,52,71,dark,flying,27.3,125,505,52,0.9,100,4,0
Glameow,24.6,431,42,37,85,normal,,3.9,55,310,42,0.5,49,4,0
Purugly,24.6,432,64,59,112,normal,,43.8,82,452,64,1,71,4,0
Chingling,50,433,65,50,45,psychic,,0.6,30,285,50,0.2,45,4,0
Stunky,50,434,41,41,74,poison,dark,19.2,63,329,47,0.4,63,4,0
Skuntank,50,435,71,61,84,poison,dark,38,93,479,67,1,103,4,0
Bronzor,,436,24,86,23,steel,psychic,60.5,24,300,86,0.5,57,4,0
Bronzong,,437,79,116,33,steel,psychic,187,89,500,116,1.3,67,4,0
Bonsly,50,438,10,45,10,rock,,15,80,290,95,0.5,50,4,0
Mime Jr.,50,439,70,90,60,psychic,fairy,13,25,310,45,0.6,20,4,0
Happiny,0,440,15,65,30,normal,,24.4,5,220,5,0.6,100,4,0
Chatot,50,441,92,42,91,normal,flying,1.9,65,411,45,0.5,76,4,0
Spiritomb,50,442,92,108,35,ghost,dark,108,92,485,108,1,50,4,0
Gible,50,443,40,45,42,dragon,ground,20.5,70,300,45,0.7,58,4,0
Gabite,50,444,50,55,82,dragon,ground,56,90,410,65,1.4,68,4,0
Garchomp,50,445,120,95,92,dragon,ground,95,170,700,115,1.9,108,4,0
Munchlax,88.1,446,40,85,5,normal,,105,85,390,40,0.6,135,4,0
Riolu,88.1,447,35,40,60,fighting,,20.2,70,285,40,0.7,40,4,0
Lucario,88.1,448,140,70,112,fighting,steel,54,145,625,88,1.2,70,4,0
Hippopotas,50,449,38,42,32,ground,,49.5,72,330,78,0.8,68,4,0
Hippowdon,50,450,68,72,47,ground,,300,112,525,118,2,108,4,0
Skorupi,50,451,30,55,65,poison,bug,12,50,330,90,0.8,40,4,0
Drapion,50,452,60,75,95,poison,dark,61.5,90,500,110,1.3,70,4,0
Croagunk,50,453,61,40,50,poison,fighting,23,61,300,40,0.7,48,4,0
Toxicroak,50,454,86,65,85,poison,fighting,44.4,106,490,65,1.3,83,4,0
Carnivine,50,455,90,72,46,grass,,27,100,454,72,1.4,74,4,0
Finneon,50,456,49,61,66,water,,7,49,330,56,0.4,49,4,0
Lumineon,50,457,69,86,91,water,,24,69,460,76,1.2,69,4,0
Mantyke,50,458,60,120,50,water,flying,65,20,345,50,1,45,4,0
Snover,50,459,62,60,40,grass,ice,50.5,62,334,50,1,60,4,0
Abomasnow,50,460,132,105,30,grass,ice,135.5,132,594,105,2.2,90,4,0
Weavile,50,461,45,85,125,dark,ice,34,120,510,65,1.1,70,4,0
Magnezone,,462,130,90,60,electric,steel,180,70,535,115,1.2,70,4,0
Lickilicky,50,463,80,95,50,normal,,140,85,515,95,1.7,110,4,0
Rhyperior,50,464,55,55,40,ground,rock,282.8,140,535,130,2.4,115,4,0
Tangrowth,50,465,110,50,50,grass,,128.6,100,535,125,2,100,4,0
Electivire,75.4,466,95,85,95,electric,,138.6,123,540,67,1.8,75,4,0
Magmortar,75.4,467,125,95,83,fire,,68,95,540,67,1.6,75,4,0
Togekiss,88.1,468,120,115,80,fairy,flying,38,50,545,95,1.5,85,4,0
Yanmega,50,469,116,56,95,bug,flying,51.5,76,515,86,1.9,86,4,0
Leafeon,88.1,470,60,65,95,grass,,25.5,110,525,130,1,65,4,0
Glaceon,88.1,471,130,95,65,ice,,25.9,60,525,110,0.8,65,4,0
Gliscor,50,472,45,75,95,ground,flying,42.5,95,510,125,2,75,4,0
Mamoswine,50,473,70,60,80,ice,ground,291,130,530,80,2.5,110,4,0
Porygon-Z,,474,135,75,90,normal,,34,80,535,70,0.9,85,4,0
Gallade,100,475,65,115,110,psychic,fighting,52,165,618,95,1.6,68,4,0
Probopass,50,476,75,150,40,rock,steel,340,55,525,145,1.4,60,4,0
Dusknoir,50,477,65,135,45,ghost,,106.6,100,525,135,2.2,45,4,0
Froslass,0,478,80,70,110,ice,ghost,26.6,80,480,70,1.3,70,4,0
Rotom,,479,105,107,86,electric,ghost,0.3,65,520,107,0.3,50,4,0
Uxie,,480,75,130,95,psychic,,0.3,75,580,130,0.3,75,4,1
Mesprit,,481,105,105,80,psychic,,0.3,105,580,105,0.3,80,4,1
Azelf,,482,125,70,115,psychic,,0.3,125,580,70,0.3,75,4,1
Dialga,,483,150,100,90,steel,dragon,683,120,680,120,5.4,100,4,1
Palkia,,484,150,120,100,water,dragon,336,120,680,100,4.2,90,4,1
Heatran,50,485,130,106,77,fire,steel,430,90,600,106,1.7,91,4,1
Regigigas,,486,80,110,100,normal,,420,160,670,110,3.7,110,4,1
Giratina,,487,120,100,90,ghost,dragon,750,120,680,100,4.5,150,4,1
Cresselia,0,488,75,130,85,psychic,,85.6,70,600,120,1.5,120,4,1
Phione,,489,80,80,80,water,,3.1,80,480,80,0.4,80,4,0
Manaphy,,490,100,100,100,water,,1.4,100,600,100,0.3,100,4,1
Darkrai,,491,135,90,125,dark,,50.5,90,600,90,1.5,70,4,1
Shaymin,,492,120,75,127,grass,grass,2.1,103,600,75,0.2,100,4,1
Arceus,,493,120,120,120,normal,,320,120,720,120,3.2,120,4,1
Victini,,494,100,100,100,psychic,fire,4,100,600,100,0.4,100,5,1
Snivy,88.1,495,45,55,63,grass,,8.1,45,308,55,0.6,45,5,0
Servine,88.1,496,60,75,83,grass,,16,60,413,75,0.8,60,5,0
Serperior,88.1,497,75,95,113,grass,,63,75,528,95,3.3,75,5,0
Tepig,88.1,498,45,45,45,fire,,9.9,63,308,45,0.5,65,5,0
Pignite,88.1,499,70,55,55,fire,fighting,55.5,93,418,55,1,90,5,0
Emboar,88.1,500,100,65,65,fire,fighting,150,123,528,65,1.6,110,5,0
Oshawott,88.1,501,63,45,45,water,,5.9,55,308,45,0.5,55,5,0
Dewott,88.1,502,83,60,60,water,,24.5,75,413,60,0.8,75,5,0
Samurott,88.1,503,108,70,70,water,,94.6,100,528,85,1.5,95,5,0
Patrat,50,504,35,39,42,normal,,11.6,55,255,39,0.5,45,5,0
Watchog,50,505,60,69,77,normal,,27,85,420,69,1.1,60,5,0
Lillipup,50,506,25,45,55,normal,,4.1,60,275,45,0.4,45,5,0
Herdier,50,507,35,65,60,normal,,14.7,80,370,65,0.9,65,5,0
Stoutland,50,508,45,90,80,normal,,61,110,500,90,1.2,85,5,0
Purrloin,50,509,50,37,66,dark,,10.1,50,281,37,0.4,41,5,0
Liepard,50,510,88,50,106,dark,,37.5,88,446,50,1.1,64,5,0
Pansage,88.1,511,53,48,64,grass,,10.5,53,316,48,0.6,50,5,0
Simisage,88.1,512,98,63,101,grass,,30.5,98,498,63,1.1,75,5,0
Pansear,88.1,513,53,48,64,fire,,11,53,316,48,0.6,50,5,0
Simisear,88.1,514,98,63,101,fire,,28,98,498,63,1,75,5,0
Panpour,88.1,515,53,48,64,water,,13.5,53,316,48,0.6,50,5,0
Simipour,88.1,516,98,63,101,water,,29,98,498,63,1,75,5,0
Munna,50,517,67,55,24,psychic,,23.3,25,292,45,0.6,76,5,0
Musharna,50,518,107,95,29,psychic,,60.5,55,487,85,1.1,116,5,0
Pidove,50,519,36,30,43,normal,flying,2.1,55,264,50,0.3,50,5,0
Tranquill,50,520,50,42,65,normal,flying,15,77,358,62,0.6,62,5,0
Unfezant,50,521,65,55,93,normal,flying,29,115,488,80,1.2,80,5,0
Blitzle,50,522,50,32,76,electric,,29.8,60,295,32,0.8,45,5,0
Zebstrika,50,523,80,63,116,electric,,79.5,100,497,63,1.6,75,5,0
Roggenrola,50,524,25,25,15,rock,,18,75,280,85,0.4,55,5,0
Boldore,50,525,50,40,20,rock,,102,105,390,105,0.9,70,5,0
Gigalith,50,526,60,80,25,rock,,260,135,515,130,1.7,85,5,0
Woobat,50,527,55,43,72,psychic,flying,2.1,45,323,43,0.4,65,5,0
Swoobat,50,528,77,55,114,psychic,flying,10.5,57,425,55,0.9,67,5,0
Drilbur,50,529,30,45,68,ground,,8.5,85,328,40,0.3,60,5,0
Excadrill,50,530,50,65,88,ground,steel,40.4,135,508,60,0.7,110,5,0
Audino,50,531,80,126,50,normal,,31,60,545,126,1.1,103,5,0
Timburr,75.4,532,25,35,35,fighting,,12.5,80,305,55,0.6,75,5,0
Gurdurr,75.4,533,40,50,40,fighting,,40,105,405,85,1.2,85,5,0
Conkeldurr,75.4,534,55,65,45,fighting,,87,140,505,95,1.4,105,5,0
Tympole,50,535,50,40,64,water,,4.5,50,294,40,0.5,50,5,0
Palpitoad,50,536,65,55,69,water,ground,17,65,384,55,0.8,75,5,0
Seismitoad,50,537,85,75,74,water,ground,62,95,509,75,1.5,105,5,0
Throh,100,538,30,85,45,fighting,,55.5,100,465,85,1.3,120,5,0
Sawk,100,539,30,75,85,fighting,,51,125,465,75,1.4,75,5,0
Sewaddle,50,540,40,60,42,bug,grass,2.5,53,310,70,0.3,45,5,0
Swadloon,50,541,50,80,42,bug,grass,7.3,63,380,90,0.5,55,5,0
Leavanny,50,542,70,80,92,bug,grass,20.5,103,500,80,1.2,75,5,0
Venipede,50,543,30,39,57,bug,poison,5.3,45,260,59,0.4,30,5,0
Whirlipede,50,544,40,79,47,bug,poison,58.5,55,360,99,1.2,40,5,0
Scolipede,50,545,55,69,112,bug,poison,200.5,100,485,89,2.5,60,5,0
Cottonee,50,546,37,50,66,grass,fairy,0.6,27,280,60,0.3,40,5,0
Whimsicott,50,547,77,75,116,grass,fairy,6.6,67,480,85,0.7,60,5,0
Petilil,0,548,70,50,30,grass,,6.6,35,280,50,0.5,45,5,0
Lilligant,0,549,110,75,90,grass,,16.3,60,480,75,1.1,70,5,0
Basculin,50,550,80,55,98,water,,18,92,460,65,1,70,5,0
Sandile,50,551,35,35,65,ground,dark,15.2,72,292,35,0.7,50,5,0
Krokorok,50,552,45,45,74,ground,dark,33.4,82,351,45,1,60,5,0
Krookodile,50,553,65,70,92,ground,dark,96.3,117,519,80,1.5,95,5,0
Darumaka,50,554,15,45,50,fire,,37.5,90,315,45,0.6,70,5,0
Darmanitan,50,555,140,105,55,fire,fire,92.9,30,540,105,1.3,105,5,0
Maractus,50,556,106,67,60,grass,,28,86,461,67,1,75,5,0
Dwebble,50,557,35,35,55,bug,rock,14.5,65,325,85,0.3,50,5,0
Crustle,50,558,65,75,45,bug,rock,200,105,485,125,1.4,70,5,0
Scraggy,50,559,35,70,48,dark,fighting,11.8,75,348,70,0.6,50,5,0
Scrafty,50,560,45,115,58,dark,fighting,30,90,488,115,1.1,65,5,0
Sigilyph,50,561,103,80,97,psychic,flying,14,58,490,80,1.4,72,5,0
Yamask,50,562,55,65,30,ghost,,1.5,30,303,85,0.5,38,5,0
Cofagrigus,50,563,95,105,30,ghost,,76.5,50,483,145,1.7,58,5,0
Tirtouga,88.1,564,53,45,22,water,rock,16.5,78,355,103,0.7,54,5,0
Carracosta,88.1,565,83,65,32,water,rock,81,108,495,133,1.2,74,5,0
Archen,88.1,566,74,45,70,rock,flying,9.5,112,401,45,0.5,55,5,0
Archeops,88.1,567,112,65,110,rock,flying,32,140,567,65,1.4,75,5,0
Trubbish,50,568,40,62,65,poison,,31,50,329,62,0.6,50,5,0
Garbodor,50,569,60,82,75,poison,,107.3,95,474,82,1.9,80,5,0
Zorua,88.1,570,80,40,65,dark,,12.5,65,330,40,0.7,40,5,0
Zoroark,88.1,571,120,60,105,dark,,81.1,105,510,60,1.6,60,5,0
Minccino,24.6,572,40,40,75,normal,,5.8,50,300,40,0.4,55,5,0
Cinccino,24.6,573,65,60,115,normal,,7.5,95,470,60,0.5,75,5,0
Gothita,24.6,574,55,65,45,psychic,,5.8,30,290,50,0.4,45,5,0
Gothorita,24.6,575,75,85,55,psychic,,18,45,390,70,0.7,60,5,0
Gothitelle,24.6,576,95,110,65,psychic,,44,55,490,95,1.5,70,5,0
Solosis,50,577,105,50,20,psychic,,1,30,290,40,0.3,45,5,0
Duosion,50,578,125,60,30,psychic,,8,40,370,50,0.6,65,5,0
Reuniclus,50,579,125,85,30,psychic,,20.1,65,490,75,1,110,5,0
Ducklett,50,580,44,50,55,water,flying,5.5,44,305,50,0.5,62,5,0
Swanna,50,581,87,63,98,water,flying,24.2,87,473,63,1.3,75,5,0
Vanillite,50,582,65,60,44,ice,,5.7,50,305,50,0.4,36,5,0
Vanillish,50,583,80,75,59,ice,,41,65,395,65,1.1,51,5,0
Vanilluxe,50,584,110,95,79,ice,,57.5,95,535,85,1.3,71,5,0
Deerling,50,585,40,50,75,normal,grass,19.5,60,335,50,0.6,60,5,0
Sawsbuck,50,586,60,70,95,normal,grass,92.5,100,475,70,1.9,80,5,0
Emolga,50,587,75,60,103,electric,flying,5,75,428,60,0.4,55,5,0
Karrablast,50,588,40,45,60,bug,,5.9,75,315,45,0.5,50,5,0
Escavalier,50,589,60,105,20,bug,steel,33,135,495,105,1,70,5,0
Foongus,50,590,55,55,15,grass,poison,1,55,294,45,0.2,69,5,0
Amoonguss,50,591,85,80,30,grass,poison,10.5,85,464,70,0.6,114,5,0
Frillish,50,592,65,85,40,water,ghost,33,40,335,50,1.2,55,5,0
Jellicent,50,593,85,105,60,water,ghost,135,60,480,70,2.2,100,5,0
Alomomola,50,594,40,45,65,water,,31.6,75,470,80,1.2,165,5,0
Joltik,50,595,57,50,65,bug,electric,0.6,47,319,50,0.1,50,5,0
Galvantula,50,596,97,60,108,bug,electric,14.3,77,472,60,0.8,70,5,0
Ferroseed,50,597,24,86,10,grass,steel,18.8,50,305,91,0.6,44,5,0
Ferrothorn,50,598,54,116,20,grass,steel,110,94,489,131,1,74,5,0
Klink,,599,45,60,30,steel,,21,55,300,70,0.3,40,5,0
Klang,,600,70,85,50,steel,,51,80,440,95,0.6,60,5,0
Klinklang,,601,70,85,90,steel,,81,100,520,115,0.6,60,5,0
Tynamo,50,602,45,40,60,electric,,0.3,55,275,40,0.2,35,5,0
Eelektrik,50,603,75,70,40,electric,,22,85,405,70,1.2,65,5,0
Eelektross,50,604,105,80,50,electric,,80.5,115,515,80,2.1,85,5,0
Elgyem,50,605,85,55,30,psychic,,9,55,335,55,0.5,55,5,0
Beheeyem,50,606,125,95,40,psychic,,34.5,75,485,75,1,75,5,0
Litwick,50,607,65,55,20,ghost,fire,3.1,30,275,55,0.3,50,5,0
Lampent,50,608,95,60,55,ghost,fire,13,40,370,60,0.6,60,5,0
Chandelure,50,609,145,90,80,ghost,fire,34.3,55,520,90,1,60,5,0
Axew,50,610,30,40,57,dragon,,18,87,320,60,0.6,46,5,0
Fraxure,50,611,40,50,67,dragon,,36,117,410,70,1,66,5,0
Haxorus,50,612,60,70,97,dragon,,105.5,147,540,90,1.8,76,5,0
Cubchoo,50,613,60,40,40,ice,,8.5,70,305,40,0.5,55,5,0
Beartic,50,614,70,80,50,ice,,260,130,505,80,2.6,95,5,0
Cryogonal,,615,95,135,105,ice,,148,50,515,50,1.1,80,5,0
Shelmet,50,616,40,65,25,bug,,7.7,40,305,85,0.4,50,5,0
Accelgor,50,617,100,60,145,bug,,25.3,70,495,40,0.8,80,5,0
Stunfisk,50,618,81,99,32,ground,electric,11,66,471,84,0.7,109,5,0
Mienfoo,50,619,55,50,65,fighting,,20,85,350,50,0.9,45,5,0
Mienshao,50,620,95,60,105,fighting,,35.5,125,510,60,1.4,65,5,0
Druddigon,50,621,60,90,48,dragon,,139,120,485,90,1.6,77,5,0
Golett,,622,35,50,35,ground,ghost,92,74,303,50,1,59,5,0
Golurk,,623,55,80,55,ground,ghost,330,124,483,80,2.8,89,5,0
Pawniard,50,624,40,40,60,dark,steel,10.2,85,340,70,0.5,45,5,0
Bisharp,50,625,60,70,70,dark,steel,70,125,490,100,1.6,65,5,0
Bouffalant,50,626,40,95,55,normal,,94.6,110,490,95,1.6,95,5,0
Rufflet,100,627,37,50,60,normal,flying,10.5,83,350,50,0.5,70,5,0
Braviary,100,628,57,75,80,normal,flying,41,123,510,75,1.5,100,5,0
Vullaby,0,629,45,65,60,dark,flying,9,55,370,75,0.5,70,5,0
Mandibuzz,0,630,55,95,80,dark,flying,39.5,65,510,105,1.2,110,5,0
Heatmor,50,631,105,66,65,fire,,58,97,484,66,1.4,85,5,0
Durant,50,632,48,48,109,bug,steel,33,109,484,112,0.3,58,5,0
Deino,50,633,45,50,38,dark,dragon,17.3,65,300,50,0.8,52,5,0
Zweilous,50,634,65,70,58,dark,dragon,50,85,420,70,1.4,72,5,0
Hydreigon,50,635,125,90,98,dark,dragon,160,105,600,90,1.8,92,5,0
Larvesta,50,636,50,55,60,bug,fire,28.8,85,360,55,1.1,55,5,0
Volcarona,50,637,135,105,100,bug,fire,46,60,550,65,1.6,85,5,0
Cobalion,,638,90,72,108,steel,fighting,250,90,580,129,2.1,91,5,1
Terrakion,,639,72,90,108,rock,fighting,260,129,580,90,1.9,91,5,1
Virizion,,640,90,129,108,grass,fighting,200,90,580,72,2,91,5,1
Tornadus,100,641,110,90,121,flying,,63,100,580,80,1.5,79,5,1
Thundurus,100,642,145,80,101,electric,flying,61,105,580,70,1.5,79,5,1
Reshiram,,643,150,120,90,dragon,fire,330,120,680,100,3.2,100,5,1
Zekrom,,644,120,100,90,dragon,electric,345,150,680,120,2.9,100,5,1
Landorus,100,645,105,80,91,ground,flying,68,145,600,90,1.5,89,5,1
Kyurem,,646,170,100,95,dragon,ice,325,120,700,90,3,125,5,1
Keldeo,,647,129,90,108,water,fighting,48.5,72,580,90,1.4,91,5,1
Meloetta,,648,77,77,128,normal,psychic,6.5,128,600,90,0.6,100,5,1
Genesect,,649,120,95,99,bug,steel,82.5,120,600,95,1.5,71,5,1
Chespin,88.1,650,48,45,38,grass,,9,61,313,65,0.4,56,6,0
Quilladin,88.1,651,56,58,57,grass,,29,78,405,95,0.7,61,6,0
Chesnaught,88.1,652,74,75,64,grass,fighting,90,107,530,122,1.6,88,6,0
Fennekin,88.1,653,62,60,60,fire,,9.4,45,307,40,0.4,40,6,0
Braixen,88.1,654,90,70,73,fire,,14.5,59,409,58,1,59,6,0
Delphox,88.1,655,114,100,104,fire,psychic,39,69,534,72,1.5,75,6,0
Froakie,88.1,656,62,44,71,water,,7,56,314,40,0.3,41,6,0
Frogadier,88.1,657,83,56,97,water,,10.9,63,405,52,0.6,54,6,0
Greninja,88.1,658,153,71,132,water,dark,40,145,640,67,1.5,72,6,0
Bunnelby,50,659,32,36,57,normal,,5,36,237,38,0.4,38,6,0
Diggersby,50,660,50,77,78,normal,ground,42.4,56,423,77,1,85,6,0
Fletchling,50,661,40,38,62,normal,flying,1.7,50,278,43,0.3,45,6,0
Fletchinder,50,662,56,52,84,fire,flying,16,73,382,55,0.7,62,6,0
Talonflame,50,663,74,69,126,fire,flying,24.5,81,499,71,1.2,78,6,0
Scatterbug,50,664,27,25,35,bug,,2.5,35,200,40,0.3,38,6,0
Spewpa,50,665,27,30,29,bug,,8.4,22,213,60,0.3,45,6,0
Vivillon,50,666,90,50,89,bug,flying,17,52,411,50,1.2,80,6,0
Litleo,11.2,667,73,54,72,fire,normal,13.5,50,369,58,0.6,62,6,0
Pyroar,11.2,668,109,66,106,fire,normal,81.5,68,507,72,1.5,86,6,0
Flabébé,0,669,61,79,42,fairy,,0.1,38,303,39,0.1,44,6,0
Floette,0,670,125,128,92,fairy,,0.9,65,551,67,0.2,74,6,0
Florges,0,671,112,154,75,fairy,,10,65,552,68,1.1,78,6,0
Skiddo,50,672,62,57,52,grass,,31,65,350,48,0.9,66,6,0
Gogoat,50,673,97,81,68,grass,,91,100,531,62,1.7,123,6,0
Pancham,50,674,46,48,43,fighting,,8,82,348,62,0.6,67,6,0
Pangoro,50,675,69,71,58,fighting,dark,136,124,495,78,2.1,95,6,0
Furfrou,50,676,65,90,102,normal,,28,80,472,60,1.2,75,6,0
Espurr,50,677,63,60,68,psychic,,3.5,48,355,54,0.3,62,6,0
Meowstic,50,678,83,81,104,psychic,,8.5,48,466,76,0.6,74,6,0
Honedge,50,679,35,37,28,steel,ghost,2,80,325,100,0.8,45,6,0
Doublade,50,680,45,49,35,steel,ghost,4.5,110,448,150,0.8,59,6,0
Aegislash,50,681,150,50,60,steel,ghost,53,150,520,50,1.7,60,6,0
Spritzee,50,682,63,65,23,fairy,,0.5,52,341,60,0.2,78,6,0
Aromatisse,50,683,99,89,29,fairy,,15.5,72,462,72,0.8,101,6,0
Swirlix,50,684,59,57,49,fairy,,3.5,48,341,66,0.4,62,6,0
Slurpuff,50,685,85,75,72,fairy,,5,80,480,86,0.8,82,6,0
Inkay,50,686,37,46,45,dark,psychic,3.5,54,288,53,0.4,53,6,0
Malamar,50,687,68,75,73,dark,psychic,47,92,482,88,1.5,86,6,0
Binacle,50,688,39,56,50,rock,water,31,52,306,67,0.5,42,6,0
Barbaracle,50,689,54,86,68,rock,water,96,105,500,115,1.3,72,6,0
Skrelp,50,690,60,60,30,poison,water,7.3,60,320,60,0.5,50,6,0
Dragalge,50,691,97,123,44,poison,dragon,81.5,75,494,90,1.8,65,6,0
Clauncher,50,692,58,63,44,water,,8.3,53,330,62,0.5,50,6,0
Clawitzer,50,693,120,89,59,water,,35.3,73,500,88,1.3,71,6,0
Helioptile,50,694,61,43,70,electric,normal,6,38,289,33,0.5,44,6,0
Heliolisk,50,695,109,94,109,electric,normal,21,55,481,52,1,62,6,0
Tyrunt,88.1,696,45,45,48,rock,dragon,26,89,362,77,0.8,58,6,0
Tyrantrum,88.1,697,69,59,71,rock,dragon,270,121,521,119,2.5,82,6,0
Amaura,88.1,698,67,63,46,rock,ice,25.2,59,362,50,1.3,77,6,0
Aurorus,88.1,699,99,92,58,rock,ice,225,77,521,72,2.7,123,6,0
Sylveon,88.1,700,110,130,60,fairy,,23.5,65,525,65,1,95,6,0
Hawlucha,50,701,74,63,118,fighting,flying,21.5,92,500,75,0.8,78,6,0
Dedenne,50,702,81,67,101,electric,fairy,2.2,58,431,57,0.2,67,6,0
Carbink,,703,50,150,50,rock,fairy,5.7,50,500,150,0.3,50,6,0
Goomy,50,704,55,75,40,dragon,,2.8,50,300,35,0.3,45,6,0
Sliggoo,50,705,83,113,60,dragon,,17.5,75,452,53,0.8,68,6,0
Goodra,50,706,110,150,80,dragon,,150.5,100,600,70,2,90,6,0
Klefki,50,707,80,87,75,steel,fairy,3,80,470,91,0.2,57,6,0
Phantump,50,708,50,60,38,ghost,grass,7,70,309,48,0.4,43,6,0
Trevenant,50,709,65,82,56,ghost,grass,71,110,474,76,1.5,85,6,0
Pumpkaboo,50,710,44,55,41,ghost,grass,15,66,335,70,0.8,59,6,0
Gourgeist,50,711,58,75,54,ghost,grass,39,100,494,122,1.7,85,6,0
Bergmite,50,712,32,35,28,ice,,99.5,69,304,85,1,55,6,0
Avalugg,50,713,44,46,28,ice,,505,117,514,184,2,95,6,0
Noibat,50,714,45,40,55,flying,dragon,8,30,245,35,0.5,40,6,0
Noivern,50,715,97,80,123,flying,dragon,85,70,535,80,1.5,85,6,0
Xerneas,,716,131,98,99,fairy,,215,131,680,95,3,126,6,1
Yveltal,,717,131,98,99,dark,flying,203,131,680,95,5.8,126,6,1
Zygarde,,718,91,95,85,dragon,ground,284.6,100,708,121,5,216,6,1
Diancie,,719,160,110,110,rock,fairy,8.8,160,700,110,0.7,50,6,1
Hoopa,,720,170,130,80,psychic,ghost,,160,680,60,,80,6,1
Volcanion,,721,130,90,70,fire,water,195,110,600,120,1.7,80,6,1
Rowlet,88.1,722,50,50,42,grass,flying,1.5,55,320,55,0.3,68,7,0
Dartrix,88.1,723,70,70,52,grass,flying,16,75,420,75,0.7,78,7,0
Decidueye,88.1,724,100,100,70,grass,ghost,36.6,107,530,75,1.6,78,7,0
Litten,88.1,725,60,40,70,fire,,4.3,65,320,40,0.4,45,7,0
Torracat,88.1,726,80,50,90,fire,,25,85,420,50,0.7,65,7,0
Incineroar,88.1,727,80,90,60,fire,dark,83,115,530,90,1.8,95,7,0
Popplio,88.1,728,66,56,40,water,,7.5,54,320,54,0.4,50,7,0
Brionne,88.1,729,91,81,50,water,,17.5,69,420,69,0.6,60,7,0
Primarina,88.1,730,126,116,60,water,fairy,44,74,530,74,1.8,80,7,0
Pikipek,50,731,30,30,65,normal,flying,1.2,75,265,30,0.3,35,7,0
Trumbeak,50,732,40,50,75,normal,flying,14.8,85,355,50,0.6,55,7,0
Toucannon,50,733,75,75,60,normal,flying,26,120,485,75,1.1,80,7,0
Yungoos,50,734,30,30,45,normal,,6,70,253,30,0.4,48,7,0
Gumshoos,50,735,55,60,45,normal,,14.2,110,418,60,0.7,88,7,0
Grubbin,50,736,55,45,46,bug,,4.4,62,300,45,0.4,47,7,0
Charjabug,50,737,55,75,36,bug,electric,10.5,82,400,95,0.5,57,7,0
Vikavolt,50,738,145,75,43,bug,electric,45,70,500,90,1.5,77,7,0
Crabrawler,50,739,42,47,63,fighting,,7,82,338,57,0.6,47,7,0
Crabominable,50,740,62,67,43,fighting,ice,180,132,478,77,1.7,97,7,0
Oricorio,24.6,741,98,70,93,fire,flying,3.4,70,476,70,0.6,75,7,0
Cutiefly,50,742,55,40,84,bug,fairy,0.2,45,304,40,0.1,40,7,0
Ribombee,50,743,95,70,124,bug,fairy,0.5,55,464,60,0.2,60,7,0
Rockruff,50,744,30,40,60,rock,,9.2,65,280,40,0.5,45,7,0
Lycanroc,50,745,55,75,82,rock,,,115,487,75,,85,7,0
Wishiwashi,50,746,140,135,30,water,,0.3,140,620,130,0.2,45,7,0
Mareanie,50,747,43,52,45,poison,water,8,53,305,62,0.4,50,7,0
Toxapex,50,748,53,142,35,poison,water,14.5,63,495,152,0.7,50,7,0
Mudbray,50,749,45,55,45,ground,,110,100,385,70,1,70,7,0
Mudsdale,50,750,55,85,35,ground,,920,125,500,100,2.5,100,7,0
Dewpider,50,751,40,72,27,water,bug,4,40,269,52,0.3,38,7,0
Araquanid,50,752,50,132,42,water,bug,82,70,454,92,1.8,68,7,0
Fomantis,50,753,50,35,35,grass,,1.5,55,250,35,0.3,40,7,0
Lurantis,50,754,80,90,45,grass,,18.5,105,480,90,0.9,70,7,0
Morelull,50,755,65,75,15,grass,fairy,1.5,35,285,55,0.2,40,7,0
Shiinotic,50,756,90,100,30,grass,fairy,11.5,45,405,80,1,60,7,0
Salandit,88.1,757,71,40,77,poison,fire,4.8,44,320,40,0.6,48,7,0
Salazzle,0,758,111,60,117,poison,fire,22.2,64,480,60,1.2,68,7,0
Stufful,50,759,45,50,50,normal,fighting,6.8,75,340,50,0.5,70,7,0
Bewear,50,760,55,60,60,normal,fighting,135,125,500,80,2.1,120,7,0
Bounsweet,0,761,30,38,32,grass,,3.2,30,210,38,0.3,42,7,0
Steenee,0,762,40,48,62,grass,,8.2,40,290,48,0.7,52,7,0
Tsareena,0,763,50,98,72,grass,,21.4,120,510,98,1.2,72,7,0
Comfey,24.6,764,82,110,100,fairy,,0.3,52,485,90,0.1,51,7,0
Oranguru,50,765,90,110,60,normal,psychic,76,60,490,80,1.5,90,7,0
Passimian,50,766,40,60,80,fighting,,82.8,120,490,90,2,100,7,0
Wimpod,50,767,20,30,80,bug,water,12,35,230,40,0.5,25,7,0
Golisopod,50,768,60,90,40,bug,water,108,125,530,140,2,75,7,0
Sandygast,50,769,70,45,15,ghost,ground,70,55,320,80,0.5,55,7,0
Palossand,50,770,100,75,35,ghost,ground,250,75,480,110,1.3,85,7,0
Pyukumuku,50,771,30,130,5,water,,1.2,60,410,130,0.3,55,7,0
Type: Null,,772,95,95,59,normal,,120.5,95,534,95,1.9,95,7,0
Silvally,,773,95,95,95,normal,,100.5,95,570,95,2.3,95,7,0
Minior,,774,100,60,120,rock,flying,40,100,500,60,0.3,60,7,0
Komala,50,775,75,95,65,normal,,19.9,115,480,65,0.4,65,7,0
Turtonator,50,776,91,85,36,fire,dragon,212,78,485,135,2,60,7,0
Togedemaru,50,777,40,73,96,electric,steel,3.3,98,435,63,0.3,65,7,0
Mimikyu,50,778,50,105,96,ghost,fairy,0.7,90,476,80,0.2,55,7,0
Bruxish,50,779,70,70,92,water,psychic,19,105,475,70,0.9,68,7,0
Drampa,50,780,135,91,36,normal,dragon,185,60,485,85,3,78,7,0
Dhelmise,,781,86,90,40,ghost,grass,210,131,517,100,3.9,70,7,0
Jangmo-o,50,782,45,45,45,dragon,,29.7,55,300,65,0.6,45,7,0
Hakamo-o,50,783,65,70,65,dragon,fighting,47,75,420,90,1.2,55,7,0
Kommo-o,50,784,100,105,85,dragon,fighting,78.2,110,600,125,1.6,75,7,0
Tapu Koko,,785,95,75,130,electric,fairy,20.5,115,570,85,1.8,70,7,1
Tapu Lele,,786,130,115,95,psychic,fairy,18.6,85,570,75,1.2,70,7,1
Tapu Bulu,,787,85,95,75,grass,fairy,45.5,130,570,115,1.9,70,7,1
Tapu Fini,,788,95,130,85,water,fairy,21.2,75,570,115,1.3,70,7,1
Cosmog,,789,29,31,37,psychic,,0.1,29,200,31,0.2,43,7,1
Cosmoem,,790,29,131,37,psychic,,999.9,29,400,131,0.1,43,7,1
Solgaleo,,791,113,89,97,psychic,steel,230,137,680,107,3.4,137,7,1
Lunala,,792,137,107,97,psychic,ghost,120,113,680,89,4,137,7,1
Nihilego,,793,127,131,103,rock,poison,55.5,53,570,47,1.2,109,7,1
Buzzwole,,794,53,53,79,bug,fighting,333.6,139,570,139,2.4,107,7,1
Pheromosa,,795,137,37,151,bug,fighting,25,137,570,37,1.8,71,7,1
Xurkitree,,796,173,71,83,electric,,100,89,570,71,3.8,83,7,1
Celesteela,,797,107,101,61,steel,flying,999.9,101,570,103,9.2,97,7,1
Kartana,,798,59,31,109,grass,steel,0.1,181,570,131,0.3,59,7,1
Guzzlord,,799,97,53,43,dark,dragon,888,101,570,53,5.5,223,7,1
Necrozma,,800,127,89,79,psychic,,230,107,600,101,2.4,97,7,1
Magearna,,801,130,115,65,steel,fairy,80.5,95,600,115,1,80,7,1